{
  "1": {
    "precision": 0.1,
    "recall": 0.08333333333333333,
    "f1-score": 0.09090909090909091,
    "support": 12.0
  },
  "2": {
    "precision": 0.16666666666666666,
    "recall": 0.16666666666666666,
    "f1-score": 0.16666666666666666,
    "support": 12.0
  },
  "3": {
    "precision": 0.2,
    "recall": 0.23076923076923078,
    "f1-score": 0.21428571428571427,
    "support": 13.0
  },
  "4": {
    "precision": 0.18181818181818182,
    "recall": 0.18181818181818182,
    "f1-score": 0.18181818181818182,
    "support": 11.0
  },
  "5": {
    "precision": 0.3333333333333333,
    "recall": 0.3333333333333333,
    "f1-score": 0.3333333333333333,
    "support": 12.0
  },
  "accuracy": 0.2,
  "macro avg": {
    "precision": 0.19636363636363635,
    "recall": 0.1991841491841492,
    "f1-score": 0.19740259740259739,
    "support": 60.0
  },
  "weighted avg": {
    "precision": 0.19666666666666668,
    "recall": 0.2,
    "f1-score": 0.19794372294372295,
    "support": 60.0
  }
}